,composition,lattice_constant,E_formation,E_above_hull
0,Ni2ScAl,6.023562899,-0.636347719,0.002126738
1,Ti2RuPb,6.523741188,-0.023197992,0.41365819
2,Pd2HfAl,6.368780247,-0.823800391,0.006330287
3,Ni2VGa,5.780086284,-0.286503021,0.029121574
4,Ir2HfTl,6.565225734,-0.249376458,0.407235268
5,Au2HfSb,6.845604654,-0.133076293,0.29179465
6,Ir2HfIn,6.511194909,-0.585693666,0.08134912
7,Os2ScSn,6.436722481,-0.131949975,0.21308869
8,Cu2YSb,6.669420307,-0.273685423,0.310351295
9,Ir2HfAl,6.338691925,-0.914762079,0.078860023
10,Rh2HfB,6.058574459,-0.237156536,0.678452761
11,Sc2MoBi,6.878324475,-0.054632049,0.360158034
12,Cd2PtSn,6.842929106,-0.005183162,0.333412398
13,Ti2CrB,5.812197872,-0.054390929,0.422332441
14,Au2PtIn,6.547299938,-0.101415383,0.158790091
15,Ni2AgAl,5.910707359,-0.183896212,0.212668981
16,Au2TiPb,6.765910706,-0.010998028,0.31365416
17,Pt2TaAs,6.434778118,-0.101899274,0.562185294
18,Pt2NbSi,6.347261927,-0.274774114,0.482753203
19,Au2ScSn,6.784740871,-0.593007465,0.068850196
20,Rh2ScGe,6.252096577,-0.846781973,0.009954572
21,Rh2TiGe,6.145269237,-0.686117157,0.114312698
22,Os2TaGa,6.2355159,-0.302980066,0.00074835
23,Ru2ScAl,6.223937981,-0.567128626,0.031232953
24,Au2ScAs,6.627552404,-0.404450358,0.288353411
25,Rh2HfAs,6.344676134,-0.577059485,0.258091885
26,Au2YAl,6.804449222,-0.706985516,0.067116128
27,Pt2CuGa,6.122639157,-0.432126939,0.053260284
28,Ni2PtIn,6.087592805,-0.18356629,0.077210939
29,Pt2ScAs,6.441681081,-0.688092055,0.31796822
30,Ni2HfSi,5.967745436,-0.605759595,0.193164779
31,Os2ScGe,6.239162445,-0.141590445,0.330173045
32,Ru2ZrPb,6.550806575,-0.249087048,0.072426825
33,Ir2TiGe,6.206576442,-0.406902915,0.22197541
34,Ni2TaIn,6.16062455,-0.179868478,0.077022031
35,Sc2ZrSb,7.013798632,-0.277969604,0.311157326
36,Au2NiAl,6.230494925,-0.254444668,0.082997123
37,Au2HfSi,6.613644866,-0.16431907,0.303125727
38,Rh2TiGa,6.12676939,-0.863732165,0.031199895
39,Ti2RuB,5.930130269,-0.174948752,0.645155312
40,Ir2NbAl,6.290790272,-0.506307153,0.222453033
41,Rh2NiAs,5.998959079,-0.166310916,0.19211928
42,Rh2CuSn,6.209185137,-0.384475884,0.000508391
43,Rh2TaGe,6.270713145,-0.341954126,0.230184973
44,Ru2VGa,6.008473214,-0.458032716,7.16767E-05
45,Pd2YSn,6.749657047,-0.893324028,0.01898882
46,Ti2ScGa,6.537188016,-0.116256254,0.257319391
47,Sc2NiSb,6.76212799,-0.507410541,0.264924552
48,Rh2ZrZn,6.315824834,-0.77495551,0
49,Rh2CuIn,6.226542469,-0.179175465,0.03731689
50,Rh2HfTl,6.501941826,-0.503638398,0.147166853
51,Ru2TiPb,6.373897592,-0.203551548,0.190699973
52,Ti2ZrBi,6.777468679,-0.065689803,0.160664254
53,Co2ScAl,5.934665217,-0.516874354,0.001651115
54,Sc2NiB,6.166860995,-0.21982625,0.364119785
55,Au2ZrTl,6.814829229,-0.227224701,0.203851851
56,Ti2NiSb,6.392314994,-0.266052673,0.254808428
57,Ni2TiZn,5.821603932,-0.415784006,0.003903718
58,Ti2ZrSb,6.677396167,-0.305198376,0.186946158
59,Cu2TiGa,5.992193551,-0.24737355,0.010355694
60,Ru2HfSn,6.43653904,-0.65579414,0.000260542
61,Ti2CuIn,6.442397549,-0.062343322,0.113135114
62,Mn2MoSi,5.76883402,-0.272628896,0.044957304
63,Au2YAs,6.854325504,-0.521169868,0.256721548
64,Pd2AgSb,6.470044409,-0.296480913,0.046703336
65,Ru2HfB,6.023776029,-0.010752094,0.585095693
66,Rh2PtAs,6.178699014,-0.018475811,0.339668508
67,Ir2HfSi,6.318304037,-0.544751055,0.399579274
68,Au2TiZn,6.422770452,-0.360015138,0.000145271
69,Rh2NbAs,6.290894716,-0.149270096,0.409234387
70,Ni2TiGa,5.876435744,-0.561299502,0.000176469
71,Rh2ZrBi,6.6599106,-0.425399176,0.204626479
72,Ti2RuTl,6.478883743,-0.048924318,0.383318493
73,Ir2TaGe,6.3490618,-0.087813339,0.502702648
74,Sc2AgAl,6.792361665,-0.358598404,0.010342945
75,Pd2ZrSi,6.365721681,-0.634807386,0.266333646
76,Cu2ScBi,6.608547237,-0.075048452,0.266619325
77,Ti2RuGa,6.237997659,-0.485527068,0.160505785
78,Au2HfGa,6.640298288,-0.394353933,0.072234876
79,Rh2WGa,6.195980746,-0.097302681,0.341025301
80,Ni2PtGe,5.927748255,-0.177740929,0.145045821
81,Ti2RuIn,6.432919575,-0.234269519,0.253683895
82,Pt2YTl,6.817099411,-0.68222848,0.135337314
83,Ti2CrAs,6.121383343,-0.271007746,0.395749656
84,Pt2TiAl,6.258077237,-0.937391836,0.059970436
85,Pt2NiSn,6.312661192,-0.275072067,0.111564743
86,Os2HfAl,6.292504734,-0.508720661,0.056381296
87,Cd2ScBi,7.255114584,-0.00013815,0.341529628
88,Cu2NiGa,5.760882227,-0.105626676,0.100517096
89,Os2HfGe,6.303795479,-0.28040272,0.164204939
90,Pd2HfSb,6.60630863,-0.577567377,0.164871973
91,Ir2TiGa,6.166748802,-0.680357845,0.113815898
92,Pd2PtBi,6.543605826,-0.157481506,0.065852355
93,Ir2HfGa,6.354686437,-0.70849906,0.110798758
94,Pt2TaGe,6.445284296,-0.242626711,0.351753802
95,Ni2AgSn,6.155332806,-0.080416911,0.124860477
96,Rh2TiB,5.837110443,-0.337898551,0.444986308
97,Sc2MoSb,6.747013219,-0.257379061,0.331747445
98,Ti2WIn,6.49314939,-0.092826377,0.065898968
99,Ti2CrGe,6.145350442,-0.321305141,0.199050292
100,Rh2YAs,6.486029165,-0.55938476,0.31171529
101,Cu2YPb,6.717282182,-0.188040371,0.128417227
102,Pt2AgSi,6.242353101,-0.115447073,0.426534528
103,Ti2ZrAs,6.454690817,-0.304878063,0.456113797
104,Pd2CuSi,6.000711027,-0.401092836,0.117144336
105,Ti2MoSn,6.486374614,-0.299434751,0.034078457
106,Cu2AgAl,6.018465336,-0.056942567,0.103141582
107,Pt2CuSn,6.363598691,-0.317860822,0.081193994
108,Ti2MoGa,6.303369324,-0.373591793,0.048824713
109,Rh2NbZn,6.218405246,-0.47439489,0.049834382
110,Pt2ScIn,6.555314918,-0.921728826,0.004025302
111,Os2TiAl,6.108500198,-0.595766668,0.000863782
112,Ni2ZrTl,6.331093452,-0.204764774,0.148003898
113,Cu2NiSi,5.661719481,-0.066022081,0.186549414
114,Sc2PtPb,6.879876958,-0.68466666,0.133730079
115,Pd2TaSi,6.251861206,-0.214980491,0.395830243
116,Ni2AgGe,5.975974293,-0.007571721,0.231775603
117,Cu2ScZn,6.110043474,-0.248592684,0.022685627
118,Ir2TiZn,6.116586588,-0.705481568,0.000176842
119,Sc2RuGa,6.560690736,-0.599756426,0.060575728
120,Pt2ScSb,6.611815383,-0.777787687,0.244691947
121,Pd2TiAl,6.194014341,-0.763689086,0.004979895
122,Ti2HfSn,6.690581554,-0.21543527,0.123921542
123,Sc2MoGa,6.652691168,-0.177228806,0.189922723
124,Ti2CoAl,6.157696755,-0.266835974,0.216149049
125,Sc2WGa,6.662488827,-0.030499426,0.336652103
126,Sc2RuGe,6.545632346,-0.621714759,0.113686193
127,Sc2CoTl,6.746942923,-0.169217954,0.144669555
128,Cu2ScSb,6.448835397,-0.20648612,0.264708073
129,Pt2CoAl,6.052578643,-0.41837815,0.233234128
130,Ti2CuSi,6.137435294,-0.381061218,0.185442278
131,Ir2ZrTl,6.602435587,-0.207180186,0.364127224
132,Os2TiGe,6.118389369,-0.37532213,0.023704587
133,Ru2ScGe,6.207341287,-0.534794578,0.058368407
134,Ti2ZrAl,6.598548809,-0.153016002,0.165742509
135,Ag2ScBi,6.935871441,-0.096875471,0.244792306
136,Cu2PtGa,6.006156643,-0.199370446,0.129319959
137,Ag2PtGa,6.448033774,-0.00858992,0.320100485
138,Ag2TiIn,6.554802918,-0.002598782,0.094936916
139,Ni2ZrGa,6.109050437,-0.539517336,0.045448813
140,Sc2NiGa,6.534544294,-0.543835176,0.029871016
141,Rh2VSn,6.272404709,-0.282031834,0.178009856
142,Pd2CuSb,6.353292772,-0.312456244,0.031802985
143,Pd2NbPb,6.574804459,-0.034123698,0.284217602
144,Pt2TiTl,6.493171527,-0.354761202,0.337362895
145,Ti2AgGe,6.411489777,-0.220707513,0.282446117
146,Cd2ScSn,7.06334344,-0.05362156,0.289857282
147,Ru2MoAl,6.125962975,-0.308256715,0.05785831
148,Cu2YTl,6.661133854,-0.180324893,0.062116254
149,Pt2AgSn,6.492007533,-0.245764416,0.115952095
150,Ru2ZrZn,6.300727219,-0.272147015,0.098185968
151,Cd2ScGa,6.822262674,-0.09552791,0.232456876
152,V2CuSi,5.878832508,-0.076475624,0.326882656
153,Ni2ZrGe,6.105436343,-0.504910921,0.144721036
154,Au2HfIn,6.732657079,-0.390342799,0.05220967
155,Sc2WSn,6.797802058,-0.100800839,0.379156909
156,Sc2NiGe,6.519929366,-0.621587256,0.11845724
157,Pd2PtIn,6.372295611,-0.3667488,0.067635452
158,Rh2ScSi,6.163696971,-0.936624905,0.027006921
159,Au2ScAl,6.556757395,-0.702982409,0.003909916
160,Ir2TiAl,6.15414663,-0.906117361,0.08270787
161,Ru2CuGe,5.984493292,-0.006535144,0.138716565
162,Ni2HfGa,6.06360121,-0.56684999,0.004567826
163,Cd2YZn,6.884769318,-0.190797369,0.135596615
164,Mn2RuSi,5.729064637,-0.039441308,0.354937054
165,Ni2PtAs,5.957683739,-0.061956941,0.186753886
166,Ru2NbSn,6.396110918,-0.246958302,0.045059968
167,Pt2YAl,6.617912772,-0.988529401,0.191540218
168,Cu2TiSn,6.225833934,-0.098163698,0.116801925
169,Sc2NiIn,6.766828062,-0.374818378,0.13323773
170,Os2MoAl,6.153079736,-0.13180849,0.109331081
171,Ag2PtIn,6.508567794,-0.046866746,0.213338728
172,Ir2ScTl,6.512254594,-0.296939788,0.291159736
173,Pt2CuAl,6.085958926,-0.665727705,0.041080595
174,Pd2ZrGa,6.46152258,-0.723261299,0.032957254
175,Rh2AgAl,6.172654455,-0.303102172,0.245499691
176,Pd2TiSn,6.410549009,-0.630465988,0.013108687
177,Sc2MoGe,6.613004662,-0.256524214,0.309140943
178,Ti2TaGe,6.372338297,-0.290333193,0.199717668
179,V2FeSi,5.818151616,-0.140894191,0.338263856
180,Rh2YPb,6.721387067,-0.542677789,0.015479503
181,Ti2CrZn,6.141768351,-0.066666567,0.113086611
182,Ru2NiAs,5.951098825,-0.017138806,0.162268818
183,Pt2VAl,6.176585288,-0.566473575,0.230110429
184,Os2ZrSi,6.263193463,-0.358765066,0.269164589
185,Ti2ZrPb,6.774614113,-0.026746982,0.128334253
186,V2PtSb,6.321175074,-0.050806346,0.373243044
187,Fe2TaAl,5.884082346,-0.453228463,0.001244659
188,Ti2AgSn,6.595727262,-0.15172747,0.152960898
189,Sc2CuBi,6.939816011,-0.278312316,0.212715878
190,Pt2MoZn,6.291632462,-0.086040475,0.33512663
191,Ti2MnSb,6.342605317,-0.082420047,0.357040808
192,Fe2TiSn,6.015574353,-0.310433873,0.000393535
193,Pt2ZrZn,6.469397767,-0.825948658,0.036794275
194,Ru2YPb,6.69820699,-0.050364674,0.217874551
195,Sc2CuB,6.223666053,-0.112156045,0.347772877
196,Ru2VZn,5.996794584,-0.206805188,0.028709385
197,Mn2TaSb,6.127021573,-0.049188958,0.119333961
198,Au2ScTl,6.77670518,-0.418358435,0.193832916
199,Cd2YSn,7.235804168,-0.177846858,0.232396144
200,Sc2NiSn,6.747979642,-0.513794704,0.144764937
201,Cu2YSn,6.600082644,-0.387317245,0.098394887
202,Ru2HfTl,6.497371718,-0.134775893,0.271725441
203,Pd2TaSn,6.480211216,-0.264975689,0.197654532
204,Ni2ScZn,5.993507793,-0.424554166,0.019310642
205,Sc2RuSb,6.723405186,-0.518212901,0.21996144
206,Ru2TaGa,6.195119294,-0.573611366,5.73675E-05
207,Pd2ScSn,6.534747253,-0.898953888,0.004803522
208,Pt2ZrSn,6.657679334,-0.783604134,0.188348113
209,Sc2NiAl,6.566295884,-0.423678263,0.084724717
210,Ag2ScIn,6.690551768,-0.305570578,0.014210242
211,Pd2HfPb,6.648591482,-0.463671919,0.158603899
212,Ni2AgGa,5.955906382,-0.084919651,0.181711739
213,Ni2NbSn,6.176438496,-0.230392282,0.062750669
214,Rh2TiAs,6.172048998,-0.497800817,0.265392791
215,Ni2TiPb,6.194504322,-0.146073496,0.205759672
216,Mn2CrSi,5.574582942,-0.326026716,0.010675932
217,Rh2AgSn,6.367955052,-0.270036796,0.035693464
218,Cu2ZrAl,6.192390943,-0.347397948,0.00805762
219,Ir2ScB,5.993648835,-0.129721751,0.647347819
220,Ru2ZrTl,6.532617118,-0.090453569,0.231060304
221,Ni2ScSi,5.910344774,-0.64746581,0.140704419
222,Ir2TiB,5.914513727,-0.102762228,0.688247682
223,Ag2HfAl,6.516894904,-0.08747298,0.116194241
224,Pd2ZrPb,6.679488768,-0.500313233,0.104803357
225,Ti2CoSi,6.065591458,-0.413499761,0.280260462
226,Co2TaAs,5.954056505,-0.015826601,0.359979326
227,Ni2TiB,5.535270849,-0.163369143,0.496842571
228,Os2NbSi,6.180919488,-0.107223774,0.324327604
229,Cu2ZrIn,6.38982759,-0.228395448,0.0035683
230,Ag2ScZn,6.55893077,-0.234472215,0.031064657
231,Rh2NbSi,6.201140962,-0.407864769,0.355096848
232,Ru2PtGa,6.155857112,-0.016046904,0.312643501
233,V2NiSi,5.83598711,-0.205593886,0.276961993
234,Pt2ScPb,6.689053187,-0.656033819,0.176390878
235,Ru2TaAl,6.186547314,-0.742490965,6.63079E-05
236,Pd2ScAl,6.323306634,-0.944195346,0.00650732
237,Rh2AgAs,6.232589411,-0.006452833,0.351691486
238,Cd2YPb,7.344026182,-0.116600734,0.186637272
239,Ru2WZn,6.124776057,-0.12221878,0.000163395
240,Os2NbGa,6.243605193,-0.202821096,0.000846783
241,Ru2TiSn,6.287173028,-0.611701895,6.34675E-05
242,Pt2ZrAs,6.53295141,-0.547774146,0.392986791
243,Pt2AgBi,6.679261634,-0.013080658,0.151003795
244,Au2NiGa,6.268549055,-0.071491084,0.134652688
245,Rh2ZrSi,6.29415095,-0.751567316,0.231231076
246,Ni2RuSi,5.739744796,-0.060146224,0.359152586
247,Ni2CuAl,5.658473203,-0.375337038,0.02965546
248,Os2TiGa,6.130390312,-0.382085442,0.073580859
249,Pt2TaSn,6.550806575,-0.310180327,0.331157279
250,Fe2ZrGe,6.013783128,-0.310219304,0.141695066
251,Ag2TiAl,6.36280838,-0.079377182,0.138694431
252,Cd2PtIn,6.760640556,-0.044144148,0.284771656
253,Sc2RuSn,6.738499668,-0.546816119,0.091955629
254,Co2ScB,5.600170063,-0.034048779,0.488183749
255,Os2TaIn,6.398323128,-0.03855461,0.110043271
256,Rh2HfZn,6.270546991,-0.854312281,4.91108E-05
257,Ag2ScTl,6.751646603,-0.142499721,0.088132171
258,Rh2TiSb,6.344394582,-0.556254205,0.171490893
259,Ni2ScSb,6.244846525,-0.555421528,0.12857246
260,Ni2NbZn,5.93096049,-0.221085958,0.032075554
261,Ir2TiIn,6.361609366,-0.458200491,0.135635154
262,V2NbAl,6.216518559,-0.10675485,0.077899696
263,Ru2NiGe,5.942540377,-0.088614076,0.108350849
264,Os2ZrSn,6.505100533,-0.219122327,0.084368751
265,Pt2HfBi,6.785328808,-0.500686688,0.335915446
266,Pd2ScGe,6.399726551,-0.789158678,0.053565512
267,Cu2YGa,6.419766363,-0.332611848,0.070090222
268,Ti2CuGa,6.210723724,-0.305051021,0.03633562
269,Au2ScIn,6.722841769,-0.624554889,0.009016482
270,Pt2ZrPb,6.741296877,-0.526874975,0.254706489
271,Sc2PtAl,6.668179101,-0.810247235,0.102939951
272,Ti2TaSi,6.312406893,-0.340748028,0.193172909
273,Ti2AgGa,6.433515585,-0.183024488,0.150694834
274,V2TiSn,6.330977024,-0.00688847,0.211713708
275,Au2NbZn,6.509766777,-0.04703397,0.131278437
276,Rh2PtGe,6.200867031,-0.158292501,0.203377418
277,Cu2ScAs,6.235872517,-0.197017317,0.491389295
278,Ti2AgAs,6.380932834,-0.247424525,0.400387265
279,Os2TiIn,6.318888471,-0.064175313,0.303960853
280,Pt2ScB,6.148092475,-0.153181591,0.770744295
281,Rh2YGe,6.47657366,-0.675186955,0.173456713
282,Ni2HfB,5.762814019,-0.035398609,0.636770508
283,Ni2TiSi,5.77284572,-0.646538427,0.091976579
284,Ti2NbPb,6.643680279,-0.041286782,0.043922541
285,Pd2ZrTl,6.624156959,-0.479648691,0.096670536
286,V2MnAl,5.899105485,-0.060131311,0.196835314
287,Co2YGa,6.20549634,-0.206989785,0.175254879
288,Ag2YZn,6.81527133,-0.241608948,0.060538517
289,Pd2CuZn,6.026314056,-0.400671918,0.00576468
290,Au2ScGe,6.689866615,-0.49313264,0.119058711
291,Pd2TiSi,6.150384447,-0.599712792,0.175650686
292,Au2TiAl,6.422586213,-0.446067801,0.00763316
293,Au2ZrAl,6.623059833,-0.534399038,0.013635736
294,Ru2HfPb,6.513995878,-0.282984749,0.123516585
295,Os2ScSi,6.1525303,-0.331305433,0.288892592
296,Ni2YSb,6.464420991,-0.48414615,0.201196852
297,Ir2TiSb,6.413918277,-0.204169902,0.508544474
298,Rh2TaAs,6.28656244,-0.175393994,0.401408707
299,Rh2ScAl,6.218694873,-1.097917056,0.000460639
300,Cu2TiSi,5.90156427,-0.143323865,0.269872308
301,Sc2AgGa,6.799238669,-0.472275758,0.000175468
302,Pd2CoGa,6.049731108,-0.190595301,0.295152453
303,Pt2YBi,6.958276977,-0.736178458,0.166694331
304,Au2ScSi,6.578321896,-0.430996893,0.181194459
305,Ti2AgSb,6.600296895,-0.145912708,0.230842986
306,Pt2CuAs,6.223900119,-0.077532579,0.210813773
307,Ti2WAs,6.289317582,-0.190991151,0.475766251
308,Ni2YIn,6.483895438,-0.380479971,0.08144528
309,Os2NiSi,5.873260206,-0.066439296,0.237324174
310,Pt2TaTl,6.561876942,-0.079277289,0.487090785
311,Ru2ZrSn,6.478623266,-0.603625014,6.27013E-05
312,Mn2NbAs,5.921435006,-0.094314708,0.245522921
313,Sc2AgIn,6.939882454,-0.379547922,0.007231172
314,Pd2AgSi,6.168052801,-0.229470636,0.288766536
315,Au2HfBi,6.985182261,-0.098194535,0.322525784
316,Cu2HfZn,6.101893169,-0.187892394,0.009543134
317,Pt2YSn,6.805361976,-0.91049979,0.084772621
318,Ru2ScSb,6.374147009,-0.603985373,0.000327482
319,Ag2YTl,6.952511212,-0.235552019,0.020395543
320,Pt2ScBi,6.765800024,-0.668110717,0.217628986
321,Pd2YSi,6.516662575,-0.704274048,0.280053031
322,Cu2ScSn,6.373966512,-0.362043538,0.068714745
323,Ir2ScAl,6.245113193,-1.001639974,0
324,Pt2YSi,6.598502874,-0.70283324,0.454663965
325,Sc2NbSi,6.673272896,-0.144351444,0.36853808
326,Ni2CuZn,5.652294993,-0.118344238,0.01314888
327,Ir2NbGe,6.344546954,-0.041798051,0.512531083
328,Mn2WSi,5.782160804,-0.279662823,0.000350133
329,Rh2TaTl,6.441620029,-0.107865931,0.31652047
330,Pt2NbGe,6.447543082,-0.233359254,0.347569896
331,Rh2ZrIn,6.496967422,-0.733828123,0.024156448
332,Ni2TiGe,5.876014854,-0.52459441,0.055194426
333,Pd2ScSb,6.571397497,-0.828593842,0.06026182
334,Ti2ScAl,6.592918637,-0.086240518,0.223063886
335,Sc2NbBi,6.984586494,-0.055888081,0.356482963
336,Pd2HfB,6.16939128,-0.025349576,0.836561114
337,Ti2HfSb,6.661353211,-0.221786232,0.198252427
338,Os2TaAl,6.221441545,-0.551001107,6.31908E-05
339,Rh2HfGe,6.327552127,-0.730737478,0.103545202
340,Pt2HfZn,6.427166423,-0.879596856,0.02989394
341,Fe2ZrSi,5.923236908,-0.448054554,0.141421803
342,Au2NiIn,6.47711717,-0.040877018,0.081907019
343,Sc2WSb,6.756454731,-0.090249286,0.49887722
344,Ti2NiAs,6.141110828,-0.480898093,0.298099242
345,Cd2PtZn,6.488123481,-0.12955005,0.184283781
346,Ni2ZrAl,6.097754257,-0.603705015,0.023932738
347,Cd2YTl,7.233722976,-0.1205681,0.159625981
348,Ni2ScGa,6.040540279,-0.581522505,0.000340016
349,Rh2MoZn,6.154847127,-0.102188758,0.191214338
350,Ti2CuSn,6.447783626,-0.186896054,0.127738486
351,Pd2NiSi,5.957108938,-0.363951039,0.194942411
352,Ag2NiAl,6.178300835,-0.012265659,0.322457519
353,Rh2AgIn,6.375036217,-0.085241337,0.131251018
354,Ni2CuGa,5.701245239,-0.260726864,0.019381028
355,Ru2WGa,6.150437319,-0.123862264,0.046747261
356,Pd2ScPb,6.63125973,-0.656344084,0.012113351
357,Ru2ZrGe,6.294140853,-0.594221851,0.00014793
358,Sc2HfSb,6.981338047,-0.182702385,0.406424121
359,Sc2PtTl,6.818502092,-0.671370404,0.076136025
360,Pd2ScB,6.090937003,-0.149695251,0.657133128
361,Ir2ZrAs,6.491039329,-0.245144214,0.520267738
362,Ru2WAl,6.139243542,-0.320232838,0.032505789
363,Sc2TaAs,6.661542507,-0.084390909,0.659624868
364,Pt2VZn,6.170256428,-0.356563185,0.200287758
365,Pd2YZn,6.605006914,-0.723411191,0.041265626
366,Pt2HfGa,6.468527942,-0.86973825,0.128654703
367,Pd2HfGa,6.423145361,-0.740534478,0.024871936
368,Au2HfGe,6.705275417,-0.22457809,0.21332944
369,Pd2YTl,6.791633308,-0.652359138,0.026440965
370,Cu2ZrSi,6.13039386,-0.140276601,0.361310816
371,Ir2NbGa,6.306267384,-0.295446556,0.257338944
372,Ru2ScSi,6.1280372,-0.666257558,0.023905387
373,Co2ScTl,6.241682376,-0.025387353,0.246033111
374,Ru2ZrIn,6.489323697,-0.366308665,0.008719261
375,Pd2HfBi,6.721322137,-0.426146292,0.199075339
376,Ti2ZrSn,6.710123554,-0.279038279,0.111994512
377,Ni2ZrSb,6.301929366,-0.427313144,0.146993226
378,Ni2CoAl,5.607786787,-0.236664193,0.164123776
379,Ti2VSb,6.42423429,-0.223692991,0.159484696
380,Fe2TaIn,6.105146602,-0.01731461,0.140142482
381,Cu2ScIn,6.36850411,-0.320854699,0.003248176
382,Au2ZrGe,6.754745634,-0.276521309,0.209588365
383,Pd2HfIn,6.542310188,-0.693947584,0.005898128
384,Os2HfAs,6.360165996,-0.025288815,0.478053508
385,Rh2PtSi,6.114451091,-0.238404451,0.3682207
386,Pt2NiAs,6.174924737,-0.038780476,0.212396461
387,Os2TiSn,6.314798503,-0.265615835,0.117430622
388,Pt2TiPb,6.566973053,-0.325675238,0.366448859
389,Ru2MoGa,6.138061755,-0.129974671,0.043041986
390,Rh2PtSn,6.336152269,-0.255073957,0.098192553
391,Ti2NbSb,6.559844955,-0.311739618,0.082004622
392,Ni2YAs,6.271577685,-0.410760663,0.395895124
393,Pd2NbSi,6.256882019,-0.244577161,0.379868043
394,Rh2TaSi,6.196102302,-0.442200869,0.329328016
395,Sc2RuAs,6.507579324,-0.651796191,0.30359057
396,Rh2WZn,6.162229614,-0.099878627,0.188225751
397,Ir2ZrIn,6.552527432,-0.52775869,0.08430698
398,Fe2HfSi,5.87838881,-0.524041778,0.082733088
399,Ag2TiZn,6.391074799,-0.01079962,0.100359334
400,Ag2YGe,6.889210892,-0.249448014,0.255285661
401,Cu2HfGe,6.217743139,-0.065845155,0.305037802
402,Pt2YAs,6.676681393,-0.663232395,0.361758768
403,Au2TiIn,6.597075533,-0.296552421,0.069860954
404,Ir2TaAl,6.29038931,-0.574845368,0.194870934
405,Ru2TiB,5.804692991,-0.225100131,0.372088092
406,Pd2YIn,6.741590258,-0.821251941,0.00658887
407,Ti2NbGe,6.369358741,-0.372584461,0.1174664
408,Cd2ScIn,6.966286872,-0.112919081,0.143970894
409,Ni2MoAl,5.885934127,-0.197242688,0.199322506
410,Sc2CoSi,6.382095138,-0.489864884,0.183825704
411,Pt2ScZn,6.378859281,-0.928110211,0.052708468
412,Pd2HfTl,6.587985488,-0.46425822,0.158017598
413,Pt2ZrBi,6.816712066,-0.523555874,0.25796703
414,Rh2YIn,6.634132936,-0.741266766,0.007355107
415,Ni2ScPb,6.340111917,-0.306918734,0.087353051
416,Sc2YAs,6.952224328,-0.147555895,0.63033552
417,Ru2YGa,6.439048379,-0.208391918,0.214670933
418,Cu2ZrSn,6.417439415,-0.180663092,0.137956543
419,Ir2TaIn,6.461458709,-0.203947785,0.288500265
420,Au2AgIn,6.646962262,-0.113208107,0.036149673
421,Sc2MoSi,6.554014593,-0.240564114,0.274744449
422,V2ZrSi,6.19851855,-0.147404934,0.413928368
423,Sc2ZrBi,7.134404203,-0.118917209,0.304136104
424,Mn2VAs,5.710120524,-0.224911028,0.055088149
425,Pd2PtSi,6.160357544,-0.236112359,0.349196991
426,Ir2TaSi,6.265880893,-0.188732759,0.563541741
427,Cd2YAs,7.118894328,-0.09197629,0.685915125
428,Fe2NbAl,5.894412022,-0.378261818,0.001326026
429,V2HfSi,6.173714594,-0.120609495,0.422413689
430,Pd2PtAs,6.280105209,-0.103224771,0.205456345
431,Sc2CoZn,6.4320463,-0.335931275,0.043799166
432,Ir2YGa,6.498679021,-0.525461003,0.208779833
433,Ru2YSb,6.571005347,-0.41067514,0.173345813
434,Rh2NbPb,6.501421385,-0.042685725,0.319844318
435,Rh2CuAl,5.963650602,-0.538376815,0.010225048
436,Pd2ZrGe,6.482651965,-0.628210431,0.187470058
437,Pt2NbZn,6.361326016,-0.457724035,0.146625383
438,Pt2NiIn,6.3051172,-0.233533573,0.107250869
439,Pd2ScIn,6.524803065,-0.835080229,0.005617461
440,Pt2NbAs,6.439369947,-0.106107396,0.536436938
441,Cu2YGe,6.443858907,-0.282855305,0.238676663
442,Rh2NbGa,6.251724751,-0.498923139,0.073388541
443,Pt2NbGa,6.399817703,-0.444352561,0.206024078
444,Rh2VIn,6.249527004,-0.244436963,0.167952978
445,Pt2TaAl,6.364059616,-0.639966838,0.210491273
446,Pd2CuAs,6.159067858,-0.218457089,0.062620518
447,V2NiAs,5.900492155,-0.157021966,0.257321057
448,Sc2TaSb,6.858647859,-0.107202801,0.481923705
449,Cu2TiZn,5.92182285,-0.168857261,0.008255041
450,Os2NbAl,6.227023906,-0.43841633,0.000429568
451,Au2ScGa,6.629670517,-0.618033978,0.031752564
452,Ti2MnB,5.772109458,-0.180466605,0.39473114
453,Ti2CrSi,6.07607578,-0.401472258,0.164793153
454,Ir2ZrBi,6.746896058,-0.134769829,0.467612884
455,Ag2ScPb,6.839738485,-0.12540961,0.105222283
456,Pd2CuSn,6.309591504,-0.425322252,0.005634862
457,Au2ZrZn,6.630898888,-0.470095443,0.000399102
458,Cu2TiIn,6.207431256,-0.126629568,0.002955499
459,Ti2AgIn,6.597381882,-0.024966989,0.120905002
460,Os2VGa,6.046764201,-0.212997834,0.000308207
461,Pt2HfSb,6.664137485,-0.622775903,0.307381405
462,Fe2TiSi,5.67171791,-0.71403219,0.000161921
463,Ti2AgAl,6.434030965,-0.104572326,0.168704072
464,Rh2TiSi,6.06581614,-0.81012688,0.097974745
465,Pd2TiTl,6.44877448,-0.337106765,0.144994726
466,Ru2TaB,5.962056855,-0.027567272,0.412243808
467,Rh2CuGe,5.99178134,-0.385372644,0.000221307
468,Rh2TaZn,6.206330682,-0.5481023,0.046404466
469,Pd2ZrBi,6.747932792,-0.472139864,0.148529036
470,Au2ZrBi,7.008167338,-0.180671814,0.250404739
471,Rh2HfPb,6.556273538,-0.481167281,0.169637969
472,Pt2NbTl,6.566704058,-0.086349874,0.436349834
473,V2CrSi,5.837646515,-0.245990026,0.2344525
474,Pd2HfAs,6.448893106,-0.510650933,0.290046726
475,Fe2ScAs,5.881096252,-0.287389578,0.401017035
476,Au2YTl,6.992301741,-0.548925445,0.095726434
477,Ni2TaGe,5.981804133,-0.223591981,0.173016121
478,Os2HfGa,6.312450393,-0.298630068,0.143294364
479,Ni2ScTl,6.309745562,-0.261192703,0.132181342
480,Rh2YGa,6.468629911,-0.792516165,0.004212765
481,Pd2ZrSn,6.59216088,-0.750810757,0.026691588
482,Ni2TiTl,6.150514862,-0.12473459,0.227098578
483,Fe2VB,5.34817826,-0.198086088,0.219169538
484,Ir2NbSi,6.260755454,-0.152326076,0.587489845
485,Ni2TaZn,5.919662447,-0.250953275,0.028939881
486,Cu2PtAl,5.956105589,-0.345678855,0.178470247
487,Ru2TiZn,6.086315287,-0.345747471,0.09732316
488,Ti2MoB,5.994268601,-0.012719884,0.480027216
489,Pt2CuSi,6.045648124,-0.356591276,0.185390325
490,V2ZrGe,6.270679237,-0.065388406,0.433203225
491,Ni2HfTl,6.304218221,-0.196602863,0.20438132
492,Ti2TaGa,6.404658067,-0.226929286,0.106790036
493,Sc2CoIn,6.71453886,-0.275035605,0.129685972
494,Ru2TiTl,6.351101964,-0.046783635,0.347467886
495,Pt2NbAl,6.368257539,-0.617866498,0.226215983
496,Sc2NbSb,6.854209145,-0.236734694,0.352391813
497,Cd2PtGa,6.634293496,-0.077391286,0.286845373
498,Rh2NbAl,6.239518646,-0.636888863,0.116973638
499,Ag2HfZn,6.544838698,-0.02947973,0.080259612
500,Cd2YAl,6.959119543,-0.159402314,0.195959791
501,Ni2AgSb,6.218129385,-0.009787041,0.148320168
502,Au2HfSn,6.805646982,-0.292091443,0.147825598
503,Os2WAl,6.163173998,-0.138443282,0.101659513
504,Ru2TiSi,5.996401546,-0.904148505,3.23267E-05
505,Pt2HfB,6.256006599,-0.061641586,0.926285969
506,Au2HfZn,6.585167179,-0.441421854,0.000606635
507,Ti2WSb,6.485858011,-0.113714241,0.273020718
508,Os2ZrGa,6.349941513,-0.204933046,0.168469299
509,Ti2ZrGe,6.498243312,-0.277887271,0.302749547
510,Pd2PtAl,6.193715449,-0.524072573,0.143239426
511,Pd2YAl,6.568991364,-0.842490959,0.100255245
512,Rh2AgGe,6.210229384,-0.154645608,0.200273615
513,Os2ScGa,6.26005124,-0.086838265,0.303191382
514,Ag2ScSi,6.47583612,-0.123180919,0.295740428
515,Pt2TaGa,6.393554709,-0.461603811,0.209648588
516,Ti2ScIn,6.738429194,-0.017617481,0.218668357
517,Ti2CuGe,6.204498989,-0.342004193,0.178589325
518,Pt2TiGe,6.334497908,-0.55199578,0.254935367
519,Au2YZn,6.831848868,-0.634041034,0.041845558
520,Ti2PtZn,6.313765149,-0.509707182,0.132828889
521,Pt2AgIn,6.472273217,-0.238920384,0.090292384
522,Au2ZrSb,6.867802098,-0.213478021,0.263323292
523,Ir2ZrPb,6.665983374,-0.158077425,0.413229985
524,Pd2PtZn,6.235049492,-0.26721501,0.07308792
525,Cu2PtZn,5.93049423,-0.192288465,0.111640025
526,Ir2VIn,6.301815216,-0.026571103,0.369593928
527,Ru2HfZn,6.267615796,-0.350240441,0.105080003
528,Ni2PtSb,6.112635281,-0.148067146,0.075654844
529,Ir2HfSn,6.546752464,-0.53341428,0.177736856
530,Ir2TiTl,6.420364818,-0.0949237,0.487393308
531,Pd2PtPb,6.483073911,-0.134554295,0.103415052
532,Pd2ZrAl,6.410010376,-0.797131908,0.024551398
533,Ti2CuAs,6.19463636,-0.365079101,0.301678301
534,Au2TaAl,6.498827402,-0.017615988,0.226910296
535,Ru2YSn,6.617379966,-0.346514728,0.077333629
536,Au2HfPb,6.883219041,-0.120126119,0.3005942
537,Pt2ZrSi,6.464717708,-0.663581339,0.381597667
538,V2TaGa,6.185435811,-0.068352234,0.12925604
539,Ti2MnAl,6.128750778,-0.31777973,0.038817885
540,Ti2WSi,6.231995544,-0.360008888,0.203186007
541,Rh2HfIn,6.461334157,-0.777060404,0.022793895
542,Pd2ZrAs,6.480446167,-0.524814479,0.294614675
543,Au2NiZn,6.213315123,-0.102451398,0.040728126
544,Pd2NbGe,6.369339022,-0.204979666,0.289539616
545,Rh2ZrPb,6.587318778,-0.46740385,0.105601858
546,Ir2YSb,6.709691181,-0.318269275,0.40392262
547,Ru2VGe,6.012883428,-0.334648624,0.015530637
548,Rh2YBi,6.781538737,-0.534828653,0.075993093
549,Rh2AgGa,6.218143179,-0.168153096,0.176971133
550,Pt2ScTl,6.608128949,-0.649549805,0.182874891
551,Ru2VAl,5.995066315,-0.62799767,7.18042E-05
552,Ag2ZrGa,6.642858521,-0.107851138,0.206936175
553,Pd2NiPb,6.377918694,-0.05927446,0.155294426
554,Ti2CuSb,6.450604675,-0.180148956,0.245885792
555,Pd2TiSb,6.456025057,-0.49674233,0.116583877
556,Cu2HfGa,6.15795696,-0.253795748,0.040235783
557,Pt2ZrTl,6.665713308,-0.540850436,0.240672468
558,Ni2NbIn,6.167761903,-0.182252733,0.035118039
559,Pt2NiAl,6.054743451,-0.612478123,0.06283826
560,Ag2ScAl,6.504514418,-0.318125515,0.013830598
561,Pt2HfSn,6.623910821,-0.78078701,0.197610596
562,Mn2NbSb,6.133936089,-0.028615021,0.130257516
563,Co2CuSi,5.547966141,-0.257882989,0.090616688
564,Pt2CuZn,6.067862878,-0.36657271,0.003922832
565,Ni2ZrZn,6.073857485,-0.399224127,0.025992832
566,Pd2NiTl,6.338745021,-0.030469614,0.145337857
567,Rh2PtSb,6.332373877,-0.168512946,0.11204113
568,Ni2PtZn,5.86445351,-0.165333383,0.119654413
569,Co2TiZn,5.782655278,-0.373839553,0.000408989
570,Au2YSb,7.021990707,-0.608252775,0.098987487
571,Ni2HfBi,6.403660016,-0.158779723,0.242300287
572,Pd2TiGe,6.273367035,-0.54950767,0.121191345
573,Ag2ScAs,6.640322479,-0.117501189,0.570905424
574,Rh2CuSi,5.893498536,-0.543110396,0.005034047
575,Rh2HfAl,6.290082658,-1.026288206,0.01913516
576,Au2ZrSi,6.655190701,-0.205622546,0.301253165
577,Ti2TaSb,6.557498551,-0.225076673,0.158101014
578,Rh2NbSb,6.436407085,-0.216861676,0.306484524
579,Sc2RuZn,6.527770729,-0.488982695,0.04579301
580,Pt2TiSn,6.476478298,-0.63893728,0.193381416
581,Rh2TiPb,6.416529537,-0.349104818,0.214894823
582,Rh2HfSn,6.48478334,-0.803084905,0.02744561
583,Ir2HfSb,6.591982919,-0.331089273,0.462941954
584,Pd2HfZn,6.381931459,-0.678866089,0.012517063
585,Ni2CuSi,5.596124019,-0.345667499,0.073631311
586,Ag2TiGa,6.447472519,-0.025235738,0.226545594
587,Ru2ScIn,6.436275124,-0.259736164,0.07735422
588,Ni2YGe,6.279645402,-0.419598078,0.2190962
589,Ni2TiBi,6.255972531,-0.098019792,0.274782173
590,Ag2YAl,6.745105917,-0.32784504,0.025308508
591,Ti2NbAs,6.342548972,-0.358380103,0.308377298
592,Au2TiGa,6.477320566,-0.31965388,0.067236197
593,Pd2NiAl,6.006119682,-0.553685148,0.068004971
594,Rh2NbTl,6.451213441,-0.078527031,0.284003011
595,Ir2NbSn,6.494091673,-0.096494632,0.443681408
596,Ni2TiSn,6.082324538,-0.477718085,0.030656122
597,Rh2AgSi,6.109729167,-0.235019726,0.313124718
598,Ru2TiAl,6.088164815,-0.773141886,0
599,Ni2TaSb,6.189520974,-0.000943781,0.299982786
600,Co2ScZn,5.943378459,-0.191860674,0.1018666
601,Pt2NbPb,6.640159187,-0.036610138,0.48608957
602,Pd2RuSn,6.347917146,-0.019116059,0.411841054
603,Sc2RuTl,6.745551344,-0.323786094,0.072555575
604,Ti2ZrSi,6.441051228,-0.302117243,0.309662493
605,Ni2VIn,6.004082407,-0.053122542,0.153113591
606,Pd2AgBi,6.589020619,-0.201841563,0.014387186
607,Au2PtGa,6.465980844,-0.059050756,0.269639649
608,Ni2AgSi,5.845418284,-0.069444476,0.349854334
609,Ni2YSn,6.470604939,-0.50447558,0.064633359
610,Pt2HfAl,6.434884381,-1.024611861,0.074649433
611,Pd2ScTl,6.579400111,-0.626030158,0.041965335
612,Ir2ScZn,6.259792649,-0.592254521,0.047944055
613,Sc2NiPb,6.839801187,-0.319169215,0.168963183
614,Rh2ZrAs,6.372761844,-0.540615544,0.321890262
615,Os2ZrGe,6.337072092,-0.190799081,0.272470676
616,Os2ZrAl,6.327721961,-0.406410985,0.081533252
617,Fe2ZrSn,6.225139,-0.240600199,0.070515551
618,Os2ZrIn,6.514542587,-0.02501577,0.265235989
619,Sc2HfBi,7.123887012,-0.028421682,0.387449907
620,Ni2YGa,6.289732162,-0.421704918,0.143500893
621,Pd2TiPb,6.506678737,-0.347732096,0.134369395
622,Ti2CuB,5.84961402,-0.088364824,0.419264261
623,Ru2ZrGa,6.309273317,-0.531554571,0.000587847
624,Ti2VGe,6.217215421,-0.332236316,0.157814545
625,Ir2YIn,6.669480257,-0.475733206,0.15338277
626,Sc2NiZn,6.483023154,-0.42053982,0.027160767
627,Ru2ScSn,6.418688862,-0.525233913,0.004181246
628,Pd2NiAs,6.115060876,-0.139528581,0.179380596
629,Pd2NiIn,6.254813998,-0.299382873,0.092909213
630,Ti2NbBi,6.656412681,-0.044356938,0.101933849
631,Ru2CoGa,5.930600377,-3.75212E-05,0.153644505
632,Ni2TaAl,5.945740425,-0.465604718,0.012252106
633,Ag2ScGe,6.661806903,-0.187898984,0.237889978
634,Pd2AgGe,6.336411308,-0.225779038,0.181058661
635,Rh2ZrSn,6.521362456,-0.772806692,0.035304524
636,Cu2ScAl,6.158772595,-0.412195301,0.003451988
637,Ni2NbAl,5.960995134,-0.437594918,0.006620756
638,Cu2ScSi,6.041950454,-0.327812078,0.173259899
639,Sc2PtGa,6.668994631,-0.910838599,0.009171735
640,Ti2RuSi,6.170501567,-0.499878641,0.322555971
641,Pd2HfSn,6.55613395,-0.726938353,0.039639824
642,Ti2WAl,6.348049497,-0.281440957,0.001862803
643,Rh2CuPb,6.322012525,-0.029454565,0.019913301
644,Ag2YPb,7.035013687,-0.24659794,0.076552409
645,Cu2YZn,6.388142106,-0.191362361,0.095874298
646,Pt2ZrSb,6.689973866,-0.631631071,0.285332263
647,Ir2HfGe,6.400657485,-0.452391413,0.291953065
648,Ti2MoSi,6.222178633,-0.465636556,0.119814003
649,Au2AgSn,6.724404945,-0.090242086,0.056343739
650,Au2YSi,6.817581379,-0.47327571,0.213311352
651,Ir2ZrGe,6.435048597,-0.389199654,0.346939165
652,Ru2YAl,6.429625027,-0.328494616,0.175000603
653,Sc2RuAl,6.582087948,-0.527315988,0.06062351
654,Ir2YZn,6.492168873,-0.359598346,0.275043621
655,Rh2ScB,5.939760181,-0.360310576,0.4568669
656,Sc2NbGe,6.736628674,-0.170556304,0.392689814
657,Rh2YAl,6.463010415,-0.876256806,0.093628192
658,Ag2ZrZn,6.594780078,-0.087893826,0.054991822
659,Pd2AgIn,6.396048994,-0.368263112,0.023743096
660,Pd2ZrSb,6.644217937,-0.620221521,0.132259129
661,Pt2ScGa,6.410558742,-0.962624478,0.065469155
662,Rh2ZrAl,6.332174365,-0.951583788,0.019357173
663,Ru2HfGa,6.273387363,-0.605060268,0.00792925
664,Ir2ScGa,6.26326484,-0.794717153,7.29046E-05
665,Au2YPb,7.070333132,-0.581743859,0.06290802
666,Cu2YAl,6.400501263,-0.343911599,0.027226134
667,Ru2YAs,6.393711271,-0.282037775,0.49585364
668,Ni2CuGe,5.728902141,-0.205071954,0.03427537
669,Pt2TaIn,6.518288534,-0.39002679,0.232058611
670,Ir2HfAs,6.440665543,-0.301329633,0.493099424
671,Ir2ZrZn,6.3484399,-0.635346875,0.010668025
672,Ni2NbGa,5.97407705,-0.345682949,0.006617241
673,Rh2NbSn,6.429018617,-0.375238059,0.146453064
674,Pd2AgAl,6.187937003,-0.482185844,0.139218397
675,Ti2WSn,6.487470934,-0.209470914,0.101786631
676,Pt2TiAs,6.341690414,-0.422437475,0.38267246
677,Pd2AgZn,6.266441192,-0.307237717,0.027727976
678,Sc2PtZn,6.628802801,-0.838701703,0.000266157
679,Sc2AgZn,6.771632109,-0.321552014,0.012245095
680,Pd2NiSb,6.288046537,-0.244816139,0.105759897
681,Sc2MoSn,6.799250206,-0.251638394,0.230738393
682,Pt2ScGe,6.471668406,-0.796639355,0.188790698
683,Ni2YSi,6.18118821,-0.435472713,0.263023982
684,Au2ZrAs,6.699184574,-0.189525861,0.388892617
685,V2TiAl,6.159595043,-0.032060986,0.186010628
686,Sc2CuIn,6.830351637,-0.328006293,0.054701787
687,Pt2YPb,6.897163295,-0.718357566,0.098759452
688,Ag2ZrAl,6.559287177,-0.152270769,0.090537826
689,Cu2PtSi,5.937798124,-0.044243029,0.291088531
690,Ti2NbGa,6.402638886,-0.291349906,0.042369416
691,Ti2VSi,6.152364746,-0.396046858,0.137874079
692,Ti2RuAs,6.236623337,-0.433972943,0.434113643
693,Ru2ScBi,6.509297936,-0.29311209,0.048555688
694,Ru2NbIn,6.379707864,-0.257168628,0.000377628
695,Rh2ScZn,6.240467174,-0.776223251,0.008232666
696,Pd2NbSn,6.486130585,-0.318627112,0.138321009
697,Sc2PtIn,6.796806459,-0.767266018,0.084595092
698,Rh2ScGa,6.236054239,-0.98154179,0.000237791
699,Rh2ScIn,6.418960698,-0.845548644,0.001693745
700,Pt2YGa,6.653899008,-0.870600625,0.182902771
701,Rh2HfSi,6.250571468,-0.811077605,0.143129791
702,Ti2ZrIn,6.735426813,-0.082681774,0.124682021
703,Ti2TaAs,6.358379002,-0.257872841,0.408884561
704,Ni2HfSn,6.247969901,-0.525404763,0.04189027
705,Pd2NbAl,6.295715572,-0.468554303,0.152849939
706,Au2CuIn,6.540618233,-0.08479655,0.059167643
707,Pt2ScAl,6.372929277,-1.121485339,0.04734554
708,Ru2HfGe,6.255291093,-0.660027965,0.000207644
709,Sc2MoIn,6.806956549,-0.088369688,0.20056111
710,Os2TaSi,6.184766626,-0.147497556,0.276146682
711,Au2HfAs,6.667693286,-0.140302088,0.398860327
712,Pt2YIn,6.776859055,-0.903731014,0.061833461
713,Ru2TiGa,6.094259582,-0.630768172,0
714,Pt2TiIn,6.442554958,-0.661566841,0.118668995
715,Rh2CuAs,6.033043612,-0.218138199,0.14000612
716,Pt2ZrGe,6.556515475,-0.660681104,0.256397869
717,Ni2WAl,5.887696279,-0.158227308,0.238337886
718,Au2TiTl,6.655434531,-0.044430947,0.280221241
719,Ni2ZrSn,6.290871132,-0.533348707,0.041305703
720,Ni2TaSi,5.888923007,-0.350469419,0.2639076
721,Ti2MoIn,6.492228977,-0.169364527,0.011616481
722,Ni2ZrAs,6.148752033,-0.389694094,0.307353657
723,Ni2TaAs,6.023923007,-0.002028391,0.400006387
724,Sc2NbAs,6.642009359,-0.220160931,0.523854846
725,Rh2YSi,6.40246975,-0.701951238,0.323321685
726,Pd2CuAl,6.045115471,-0.623036355,0.014357584
727,Rh2CuGa,5.99262427,-0.379147591,0.000453693
728,Ir2ZrSn,6.582497243,-0.490803484,0.195550936
729,Pt2ScSi,6.352546151,-0.82326538,0.325183906
730,Au2YSn,6.99733504,-0.709137715,0.015237802
731,Os2VZn,6.02888663,-0.035295393,0.098219739
732,Ni2VAl,5.764852842,-0.386873063,0.051530596
733,Cu2ZrTl,6.440289456,-0.016469991,0.093129429
734,Ru2PtAl,6.137870645,-0.15096978,0.37776179
735,Ir2CuSn,6.240460327,-0.043636062,0.094662867
736,Pd2PtTl,6.438360114,-0.106885044,0.068636549
737,Pd2TaIn,6.460200194,-0.292262748,0.141478034
738,Ni2PtSn,6.095763429,-0.256974364,0.058050764
739,Rh2NbGe,6.272587709,-0.315454959,0.259831643
740,Pt2ZrIn,6.625566583,-0.808812888,0.04169692
741,Pd2CuPb,6.434040627,-0.14268512,0.079084236
742,Sc2AgGe,6.773262945,-0.518054116,0.125978825
743,Pd2CuIn,6.295163837,-0.393005947,0.024824548
744,Rh2ScBi,6.581161462,-0.557964643,0.058197599
745,Co2YIn,6.418837728,-0.104341541,0.17603156
746,Ni2HfZn,6.029381809,-0.435295609,0.011169927
747,Rh2YSn,6.647903687,-0.800087618,0.013321751
748,Au2YIn,6.945481251,-0.710291534,0.006598541
749,Rh2TaPb,6.494275038,-0.047426173,0.404942401
750,Ni2ZrBi,6.443133128,-0.194510354,0.195450989
751,Cu2PtIn,6.182276822,-0.161818588,0.098386886
752,Cu2YBi,6.798575249,-0.170470237,0.28709114
753,Ru2ScPb,6.499891122,-0.176504719,0.114234343
754,Rh2CuSb,6.218984474,-0.295133301,0.018516252
755,Ru2YSi,6.342267232,-0.347990613,0.33182358
756,Ir2CuSi,5.929174659,-0.322463534,0.0396796
757,Ni2HfAs,6.087837452,-0.383043665,0.276626598
758,Rh2TaAl,6.23412333,-0.697320015,0.098322271
759,Fe2TaGa,5.903906252,-0.320919054,0.000440484
760,Pt2TiZn,6.248530001,-0.754080473,0.077638577
761,Ti2NbAl,6.449367564,-0.260987734,0.052407388
762,Au2PtZn,6.424163214,-0.115363353,0.169052688
763,Sc2CuTl,6.871974823,-0.242975996,0.040564758
764,Ti2CrSn,6.375534852,-0.150487074,0.168660832
765,Pd2NiSn,6.259959375,-0.361028644,0.073262292
766,Rh2ZrTl,6.538123887,-0.476308859,0.096696849
767,Sc2MoPb,6.853931002,-0.03416052,0.282565112
768,Ag2ZrIn,6.721758917,-0.122535024,0.039446824
769,Ti2WZn,6.300693633,-0.107719457,0.057914061
770,Pd2CuGe,6.120094976,-0.321789046,0.085048653
771,Cu2HfSi,6.086369278,-0.097852543,0.355730261
772,Ag2ZrSn,6.76629224,-0.033555535,0.260535335
773,Os2VAl,6.018763483,-0.465284848,0.000860877
774,Ir2MoAl,6.218060416,-0.1767813,0.458123414
775,Pd2TaGa,6.338462942,-0.359699311,0.147558239
776,Ir2ScIn,6.457022978,-0.633244856,0.006081433
777,Pt2YSb,6.8295113,-0.803630773,0.211801556
778,Rh2ScPb,6.519703526,-0.590956366,0.03395574
779,Au2ScBi,6.966380286,-0.420348955,0.191842396
780,Ir2ZrSb,6.633902686,-0.294416879,0.476583956
781,Pt2TaSb,6.586750278,-0.115606636,0.513313263
782,Fe2VAl,5.667374921,-0.42577744,0.001275911
783,Cu2ZrGa,6.19696348,-0.291229959,0.043178518
784,Ti2NiBi,6.520380998,-0.013784748,0.339972758
785,Rh2NbIn,6.406636995,-0.363407093,0.078419448
786,Pd2ZrZn,6.428457263,-0.644513363,0.01581134
787,Pt2HfSi,6.430734332,-0.697221345,0.344870674
788,Sc2NiAs,6.504205562,-0.672732579,0.27373516
789,Rh2TaGa,6.247027066,-0.550567716,0.110774215
790,Ru2NbGa,6.204343124,-0.489351441,0.000172379
791,Pd2CuTl,6.376781099,-0.133571944,0.063007965
792,Cu2RuAl,5.882926798,-0.024804667,0.306576763
793,Pt2AgZn,6.298671089,-0.185961309,0.119169783
794,Ir2NbZn,6.265177832,-0.341561418,0.10816459
795,Rh2TiIn,6.308365472,-0.664972696,0.028884892
796,Sc2RuPb,6.803380672,-0.335797072,0.131434906
797,Ni2YZn,6.253794815,-0.281076106,0.135732445
798,Au2YGa,6.875386645,-0.660396233,0.03928545
799,Pt2HfTl,6.631929761,-0.543329275,0.293272858
800,Fe2NbGa,5.910886727,-0.263076649,0.000598923
801,Rh2VAl,6.036503393,-0.627183783,0.117315665
802,Au2CuZn,6.249499693,-0.144713243,0.004738865
803,V2NbGa,6.187069827,-0.095390591,0.117413303
804,Cu2PtSn,6.219356778,-0.124503214,0.189950159
805,Ti2HfSi,6.411463828,-0.245250692,0.336590793
806,Pd2YPb,6.841713033,-0.698010011,0.005329713
807,Ag2ScSb,6.824756932,-0.153252486,0.317941706
808,Rh2YB,6.199941033,-0.038782454,0.724749805
809,Ir2YTl,6.720894155,-0.193605897,0.407514808
810,Pt2HfPb,6.710872671,-0.518259934,0.318342199
811,Pd2YGe,6.644840062,-0.740470698,0.147071154
812,Pt2CuSb,6.404469534,-0.163357554,0.134018568
813,Rh2ZrB,6.095533773,-0.155853513,0.70850427
814,V2HfGe,6.24994688,-0.027860963,0.42313231
815,Sc2CoPb,6.799186754,-0.187408878,0.236177806
816,Sc2CuGe,6.588587562,-0.534828814,0.101292379
817,Fe2ScSb,6.130060347,-0.252939993,0.2182542
818,Au2ZrGa,6.685564823,-0.436460326,0.067981356
819,Au2ScZn,6.581056793,-0.614528159,0.005859139
820,Rh2HfGa,6.303513619,-0.89979733,0.036047656
821,Ru2ScGa,6.238254635,-0.434917495,0.041781713
822,Pd2NbZn,6.311657261,-0.29903984,0.145278053
823,Ti2ZrGa,6.546180008,-0.181106246,0.184551795
824,V2TaAl,6.21585605,-0.093633583,0.095277612
825,Pd2TiGa,6.252130687,-0.666851855,0
826,Ir2ZrSi,6.354706247,-0.471030221,0.463382656
827,Ti2MoAs,6.260830289,-0.328327433,0.338799423
828,Pd2ScBi,6.699232109,-0.679195432,0.079749438
829,Rh2ZrGe,6.363911469,-0.687050069,0.120941961
830,Ir2CuGa,6.02859682,-0.129625364,0.064902685
831,Pt2NbSn,6.555761688,-0.336965734,0.297421017
832,Pd2HfGe,6.448501946,-0.62611273,0.164114588
833,Pd2NiGa,6.05068544,-0.403571606,0.078239251
834,Au2AgGa,6.563031763,-0.075141128,0.071594625
835,Ag2CuAl,6.242582347,-0.033453191,0.078368006
836,Cu2ScPb,6.49838224,-0.120047784,0.123986816
837,Pt2ZrGa,6.508230993,-0.833384294,0.105839684
838,Pt2NbIn,6.524508656,-0.387346253,0.202191091
839,Sc2AgTl,6.967682317,-0.298706993,0.006762315
840,Ru2NiGa,5.945367012,-0.047217484,0.16851874
841,Ni2HfGe,6.059526008,-0.516786755,0.12564999
842,Pt2NiGa,6.083113739,-0.381624044,0.05958209
843,Ru2TaIn,6.365655874,-0.332773815,0.003305463
844,Cu2HfAl,6.15402341,-0.324073704,0.004360342
845,Os2TiSi,6.033926324,-0.630357095,0.000322012
846,Cd2ScZn,6.665521248,-0.146262119,0.1090025
847,Ti2NbZn,6.385366959,-0.086523772,0.060081975
848,Ti2HfGe,6.481481016,-0.212872857,0.321452497
849,Cu2ScGa,6.156458722,-0.381180823,0.005449512
850,Sc2WAs,6.562152526,-0.109944921,0.634070856
851,Ni2NbGe,5.988686087,-0.232626626,0.190746635
852,V2RuAs,6.034200975,-0.032524996,0.358338487
853,Ir2TiSn,6.39180592,-0.41683333,0.227073356
854,Rh2TaSn,6.422802773,-0.392876447,0.149818444
855,Ni2HfPb,6.344440957,-0.208628506,0.192355676
856,Cd2ScAl,6.742854441,-0.096133209,0.208112904
857,Ru2NbAl,6.19826174,-0.644546092,0.000176265
858,Ti2TaSn,6.574085711,-0.248985614,0.055702755
859,Cu2ZrGe,6.256473293,-0.118400511,0.320584995
860,Cu2NiZn,5.68566419,-0.03986615,0.09117038
861,V2TiSi,6.010293442,-0.26101152,0.246622546
862,Au2ScSb,6.819671986,-0.4614052,0.150786151
863,Ru2HfSi,6.185927152,-0.794310855,0
864,Cd2YGe,7.14438113,-0.084099145,0.380069773
865,Rh2HfSb,6.498151743,-0.652407998,0.162607113
866,Pt2HfGe,6.521701038,-0.687685943,0.249934488
867,Ir2TaZn,6.258809125,-0.43358498,0.080103072
868,Pt2WZn,6.296899457,-0.039069062,0.329780266
869,Sc2CoAl,6.518966301,-0.353705733,0.083286734
870,Rh2HfBi,6.632169242,-0.434461313,0.236946002
871,Rh2ScSn,6.436976707,-0.9049651,0.022193963
872,Pd2PtGe,6.29225217,-0.210862021,0.20380902
873,Sc2CuSi,6.513904751,-0.499603934,0.094168483
874,Ir2TiPb,6.487813062,-0.024121318,0.558195689
875,Ni2ScBi,6.397218844,-0.31958931,0.169860237
876,Os2HfZn,6.300878352,-0.062829936,0.29156436
877,Ru2ScAs,6.178538351,-0.53747368,0.190179624
878,Co2ScGa,5.950711023,-0.44708218,0.00041907
879,Ti2CoSn,6.372463068,-0.158343451,0.278313524
880,Sc2RuIn,6.721269011,-0.448481703,0.038694035
881,Ru2NbZn,6.192251854,-0.251876163,0.004298878
882,Ir2WAl,6.233087074,-0.142222205,0.48167465
883,Ag2HfGa,6.600731477,-0.031834159,0.226764804
884,Cd2YSb,7.319134141,-0.121539215,0.462497503
885,Co2HfZn,5.963470645,-0.332515386,0.002529447
886,Au2PtSn,6.616207489,-0.030451414,0.284001959
887,Cu2TaAl,6.055099859,-0.000969087,0.187629815
888,Fe2VGa,5.697111494,-0.298412736,0.000263031
889,Pd2PtSn,6.38343699,-0.396821064,0.107779754
890,Pd2TaZn,6.298576986,-0.315285958,0.143914921
891,Ru2VIn,6.219101685,-0.114841915,0.064840628
892,Ti2CoGa,6.133617137,-0.339270248,0.13369253
893,Au2CuSn,6.629182075,-0.030909667,0.110282571
894,Cd2YIn,7.158932875,-0.222214664,0.124025297
895,Sc2NiTl,6.800294105,-0.282927066,0.107194344
896,Rh2TaSb,6.442487498,-0.207742074,0.334110836
897,Pt2NiSi,6.019525281,-0.347791304,0.202497701
898,Au2ZrPb,6.915241809,-0.2037425,0.227334052
899,Fe2HfSn,6.182677976,-0.275527828,0.002693498
900,Au2ZrIn,6.767806301,-0.452896585,0.015023972
901,Co2TaSb,6.133907739,-0.001633054,0.297661648
902,Ti2NbSi,6.309913007,-0.418329118,0.115591819
903,Sc2CuAl,6.66039154,-0.344956477,0.0305823
904,Ru2PtSi,6.09163774,-0.076323034,0.354437738
905,Ti2TaAl,6.448117152,-0.210127657,0.071518168
906,Pd2NiBi,6.459490865,-0.059754336,0.15676029
907,Sc2FeZn,6.42220154,-0.196244282,0.104313133
908,Rh2TiAl,6.103550741,-1.002399603,0.016200328
909,Sc2PtSi,6.612830871,-0.869362926,0.173437061
910,Cu2ZrZn,6.14336915,-0.212913938,0.010741174
911,Pd2TiBi,6.583204925,-0.316226732,0.175515451
912,Ni2YAl,6.288704038,-0.458190394,0.126914215
913,Ru2NiAl,5.921229657,-0.184359125,0.197674136
914,Au2CuAl,6.280524386,-0.263587793,0.00038903
915,Cu2TiGe,6.033468518,-0.072755432,0.256636634
916,Au2CuGa,6.326442983,-0.101134104,0.040208063
917,Ti2RuGe,6.239049411,-0.446575363,0.294375627
918,Ir2TaSn,6.488665058,-0.120521232,0.454061284
919,Ni2ScB,5.697542801,-0.060163791,0.539209228
920,Pt2YGe,6.703623198,-0.744557725,0.282758183
921,Sc2PtGe,6.675003016,-0.928910329,0.103923354
922,Ir2HfBi,6.710022869,-0.159683135,0.496928591
923,Pt2TiGa,6.29070941,-0.757662227,0.073201589
924,Pt2CuIn,6.343861222,-0.307413845,0.071124835
925,Cu2PtGe,6.077974856,-0.044164194,0.193381429
926,Rh2CuBi,6.367708439,-0.021307194,0.071250412
927,Rh2VGa,6.060288484,-0.469695126,0.083064733
928,Ni2ScIn,6.250305265,-0.463446336,0.001419083
929,Pd2ZrIn,6.578796354,-0.695784265,0.001847551
930,Ni2HfAl,6.049833112,-0.641952909,0.010269106
931,Pt2AgAl,6.270780961,-0.454973344,0.192416158
932,Pd2NiGe,6.076678848,-0.270257189,0.136866388
933,Cd2YBi,7.418507363,-0.139670385,0.317890993
934,Pd2TaAl,6.289526564,-0.470682223,0.158758185
935,Pt2TaSi,6.353616474,-0.280806724,0.445910623
936,Ag2PtAl,6.323460024,-0.104900659,0.419248443
937,Pt2ScSn,6.58761989,-0.916861518,0.059767278
938,Ir2YAl,6.48703055,-0.692976521,0.208348703
939,Pd2PtSb,6.431172788,-0.266074389,0.103096857
940,Pd2TiB,5.957976732,-0.022149796,0.723332361
941,Ru2CuSi,5.883658698,-0.207528284,0.112011659
942,Rh2YZn,6.467323182,-0.620413649,0.026002199
943,Ir2HfZn,6.305801325,-0.733386951,0
944,Pd2ScAs,6.396016401,-0.748431013,0.170613049
945,Ag2YAs,6.846432511,-0.211547184,0.566344231
946,Pd2AgPb,6.514555154,-0.159353442,0.054929567
947,Ni2PtGa,5.903764714,-0.288351634,0.080999902
948,Sc2CuGa,6.600006122,-0.468365571,0.00082309
949,Ni2ScSn,6.244808916,-0.59188915,0.000885006
950,Rh2ScTl,6.466168996,-0.586408533,0.00431996
951,Au2AgZn,6.485984792,-0.107363842,0.03226587
952,Os2NbZn,6.234404638,-0.02220813,0.088017808
953,Ru2HfIn,6.451434491,-0.423489989,0.036525398
954,Sc2WSi,6.566688597,-0.076391431,0.436498093
955,Pt2HfIn,6.588544561,-0.824302004,0.065591554
956,Ag2ScGa,6.605556997,-0.299874061,0.038069706
957,Fe2TiGe,5.777874483,-0.502684102,0
958,Ti2TaIn,6.588446269,-0.076940597,0.06803142
959,Ru2YBi,6.69889638,-0.170491455,0.287069923
960,Ti2MoAl,6.343496762,-0.351417172,0.024500185
961,Rh2TiZn,6.089024428,-0.791490288,0
962,Os2ScAs,6.223153111,-0.058751908,0.629654705
963,Ti2AgSi,6.317836412,-0.22406702,0.324996588
964,Mn2NiSi,5.569438104,-0.159552941,0.220098628
965,Ni2PtAl,5.867630839,-0.444265258,0.112716991
966,Ru2VB,5.717728735,-0.13475765,0.282497975
967,Pd2TiZn,6.206597209,-0.589078646,0.031782565
968,Ag2PtZn,6.386831648,-0.043096196,0.241319844
969,Ag2ScSn,6.721490363,-0.291286254,0.084512433
970,Cu2YSi,6.311814565,-0.260101958,0.25293879
971,Pt2TiB,6.037041224,-0.035562006,0.824057534
972,Pd2NbGa,6.352050509,-0.367132446,0.139665069
973,Ti2WGa,6.315858259,-0.287033591,0.047839528
974,Pd2AgAs,6.293578743,-0.138882641,0.141671518
975,Rh2YTl,6.67253927,-0.528042165,0.02601405
976,Cu2ScGe,6.168291107,-0.302582423,0.192791423
977,Mn2TaAs,5.92108134,-0.107018996,0.188131503
978,Ti2MnZn,6.085073241,-0.21191528,0.037769675
979,Ir2YSi,6.445200845,-0.381938093,0.596237028
980,Pd2HfSi,6.327885127,-0.643018353,0.246554207
981,Pd2PtGa,6.265103101,-0.371906551,0.118298198
982,Pd2YAs,6.617790995,-0.750227203,0.216667639
983,Sc2CuZn,6.556183582,-0.312537095,0.016520145
984,Ni2MoGa,5.898350587,-0.071971246,0.195036776
985,Cd2YGa,7.025274619,-0.175751685,0.231749443
986,Au2YGe,6.915018746,-0.569536948,0.102474851
987,Rh2WAl,6.177752383,-0.268086465,0.373719151
988,Ni2ZrPb,6.371215131,-0.233189018,0.148329146
989,Ni2CuSn,5.938474972,-0.169487599,0.035789788
990,Rh2ZrSb,6.527661211,-0.638333404,0.175997965
991,Ag2YSb,7.019669846,-0.279269066,0.304751886
992,Sc2MoAl,6.687389959,-0.11441268,0.149549071
993,Ir2HfPb,6.633084565,-0.186162024,0.439220209
994,Ru2HfAl,6.266756953,-0.746582666,0.006622082
995,Ni2TaSn,6.170522578,-0.209401479,0.087971455
996,Rh2YSb,6.648688003,-0.7125986,0.087393089
997,Ag2YIn,6.902851164,-0.373196128,0.014723918
998,Ni2ScAs,6.038577359,-0.528341743,0.243217917
999,Os2ScAl,6.239080239,-0.289964779,0.18311992
